Dataset,Accuracy,Precision,Recall,F1
CIFAR,0.7382,0.7411266234469807,0.7382000000000001,0.7372108883675554
