Dataset,Accuracy,Precision,Recall,F1
CIFAR,0.7001,0.7013562663457867,0.7001,0.6973300058002334
