Dataset,Accuracy,Precision,Recall,F1
CIFAR,0.5958,0.6107973679829947,0.5957999999999999,0.5986849142091192
