Dataset,Accuracy,Precision,Recall,F1
CIFAR,0.6719,0.6726274233711911,0.6719,0.6717177904837668
