Dataset,Accuracy,Precision,Recall,F1
CIFAR,0.6193,0.6180000859994877,0.6193,0.6071095458676408
