Dataset,Accuracy,Precision,Recall,F1
MNIST,0.9897,0.9896884852861796,0.9895892460863737,0.9896264144372873
