Dataset,Accuracy,Precision,Recall,F1
MNIST,0.9891,0.9891247124923744,0.9888399273298714,0.9889452730223516
