Dataset,Accuracy,Precision,Recall,F1
MNIST,0.9904,0.9903090965604058,0.9904269757188968,0.9903533712612982
