Dataset,Accuracy,Precision,Recall,F1
MNIST,0.9864,0.986428079594245,0.9863715635290291,0.9863447908901515
