Dataset,Accuracy,Precision,Recall,F1
MNIST,0.9928,0.9928096552828322,0.9926609131914891,0.9927279617312438
