Dataset,Accuracy,Precision,Recall,F1
ORL,0.45,0.32999999999999996,0.45,0.3563095238095238
